<?xml version='1.0' encoding='UTF-8'?>
<!DOCTYPE hibernate-configuration PUBLIC
          "-//Hibernate/Hibernate Configuration DTD 3.0//EN"
          "http://www.hibernate.org/dtd/hibernate-configuration-3.0.dtd">
<!-- Generated by MyEclipse Hibernate Tools.                   -->
<hibernate-configuration>

	<session-factory>
		<property name="dialect">
			org.hibernate.dialect.MySQLDialect
		</property>
		<property name="connection.url">
			jdbc:mysql://localhost:3306/bookstore
		</property>
		<property name="connection.username">root</property>
		<property name="connection.password">root</property>
		<property name="connection.driver_class">
			com.mysql.jdbc.Driver
		</property>
		<property name="myeclipse.connection.profile">
			BookStoreDriver
		</property>
		<property name="hibernate.current_session_context_class">
			thread
		</property>
		<mapping class="entity.User" />
		<mapping class="entity.Order" />
		<mapping class="entity.Cart" />
		<mapping class="entity.Book" />
		<mapping class="entity.OrderDetail" />

	</session-factory>

</hibernate-configuration>