<?xml version="1.0" encoding="UTF-8" ?>
<!DOCTYPE struts PUBLIC "-//Apache Software Foundation//DTD Struts Configuration 2.1//EN" "http://struts.apache.org/dtds/struts-2.1.dtd">
<struts>
<constant name="struts.objectFactory" value="spring" />
	<package name="default" namespace="/" extends="struts-default">  
        
    </package>  
    
    <package name="user" namespace="/" extends="struts-default">
    	<action name="registerAction" class="registerAction" method="register">
        	<result name="success">/index.jsp</result>
        	<result name="error">/error.jsp</result>
        </action>
        <action name="loginAction" class="loginAction" method="login">
        	<result name="success">/index.jsp</result>
        	<result name="login">/login.jsp</result>
        </action>
    </package>
    
    <package name="book" namespace="/" extends="struts-default">
    	<action name="listBooksAction" class="listBooksAction" method="listBooks">
    		<result name="success">/book.jsp</result>
    		<result name="error">/error.jsp</result>
    	</action>
    	<action name="viewBookDetailAction" class="viewBookDetailAction" method="viewBookDetail">
    		<result name="success">/bookDetail.jsp</result>
    	</action>
    	<action name="uploadAction" class="uploadAction" method="upload">
    		<result name="input">/upload.jsp</result>
    		<result name="success">/book.jsp</result>
    	</action>
    </package>
    
    <package name="cart" namespace="/" extends="struts-default">
    	<action name="viewCartAction" class="viewCartAction" method="viewCart">
    		<result name="success">/cart.jsp</result>
    	</action>
    	<action name="payAllOfCartAction" class="payAllOfCartAction" method="payAllOfCart">
    		<result name="success">/cart.jsp</result>
    	</action>
    </package>
    
    <package name="order" namespace="/" extends="struts-default">
    	<action name="payForBooksAction" class="payForBooksAction" method="payForBooks">
    		<result name="success">/index.jsp</result>
    	</action>
    </package>
</struts>    
